{"assets/arabia.png":["assets/arabia.png"],"assets/logo.png":["assets/logo.png"],"assets/pc.png":["assets/pc.png"],"assets/re.png":["assets/re.png"],"assets/sounds/cash_register.mp3":["assets/sounds/cash_register.mp3"],"assets/sounds/click.mp3":["assets/sounds/click.mp3"],"assets/sounds/error.mp3":["assets/sounds/error.mp3"],"assets/sounds/notification.mp3":["assets/sounds/notification.mp3"],"assets/sounds/print.mp3":["assets/sounds/print.mp3"],"assets/sounds/success.mp3":["assets/sounds/success.mp3"],"assets/table.png":["assets/table.png"],"packages/cupertino_icons/assets/CupertinoIcons.ttf":["packages/cupertino_icons/assets/CupertinoIcons.ttf"],"packages/window_manager/images/ic_chrome_close.png":["packages/window_manager/images/ic_chrome_close.png"],"packages/window_manager/images/ic_chrome_maximize.png":["packages/window_manager/images/ic_chrome_maximize.png"],"packages/window_manager/images/ic_chrome_minimize.png":["packages/window_manager/images/ic_chrome_minimize.png"],"packages/window_manager/images/ic_chrome_unmaximize.png":["packages/window_manager/images/ic_chrome_unmaximize.png"]}