{"timestamp":1769989846066,"data":{"devices":{"Pc 4":{"name":"Pc 4","elapsedTime":3872,"isRunning":true,"orders":[],"reservations":[],"notes":"","mode":"single","customerCount":1},"Pc 6":{"name":"Pc 6","elapsedTime":0,"isRunning":false,"orders":[],"reservations":[],"notes":"","mode":"single","customerCount":1},"Pc 11":{"name":"Pc 11","elapsedTime":0,"isRunning":false,"orders":[],"reservations":[],"notes":"","mode":"single","customerCount":1},"Table 2":{"name":"Table 2","elapsedTime":0,"isRunning":false,"orders":[],"reservations":[],"notes":"","mode":"single","customerCount":1},"Pc 18":{"name":"Pc 18","elapsedTime":1429,"isRunning":true,"orders":[],"reservations":[],"notes":"","mode":"single","customerCount":1},"Pc 19":{"name":"Pc 19","elapsedTime":0,"isRunning":false,"orders":[{"name":"تايكر","price":1500.0,"quantity":1,"firstOrderTime":"2026-02-02T01:35:32.625996","lastOrderTime":"2026-02-02T01:35:32.625996","notes":null}],"reservations":[],"notes":"","mode":"single","customerCount":1},"Pc 20":{"name":"Pc 20","elapsedTime":0,"isRunning":false,"orders":[{"name":"تايكر","price":1500.0,"quantity":1,"firstOrderTime":"2026-02-02T01:35:47.862782","lastOrderTime":"2026-02-02T01:35:47.862782","notes":null}],"reservations":[],"notes":"","mode":"single","customerCount":1},"Pc 21":{"name":"Pc 21","elapsedTime":0,"isRunning":false,"orders":[],"reservations":[],"notes":"","mode":"single","customerCount":1},"Pc 22":{"name":"Pc 22","elapsedTime":0,"isRunning":false,"orders":[],"reservations":[],"notes":"","mode":"single","customerCount":1},"Pc 10":{"name":"Pc 10","elapsedTime":0,"isRunning":false,"orders":[],"reservations":[],"notes":"","mode":"single","customerCount":1},"Pc 2":{"name":"Pc 2","elapsedTime":3879,"isRunning":true,"orders":[],"reservations":[],"notes":"","mode":"single","customerCount":1},"البيع المباشر":{"name":"البيع المباشر","elapsedTime":0,"isRunning":false,"orders":[],"reservations":[],"notes":"","mode":"single","customerCount":1},"System":{"name":"System","elapsedTime":0,"isRunning":false,"orders":[],"reservations":[{"name":"hgmnmbrf","price":0.0,"quantity":1,"reservationTime":"2026-01-25T07:18:12.979669","notes":""}],"notes":"","mode":"single","customerCount":1},"Pc 14":{"name":"Pc 14","elapsedTime":4985,"isRunning":true,"orders":[],"reservations":[],"notes":"","mode":"single","customerCount":1},"Arabia 4":{"name":"Arabia 4","elapsedTime":0,"isRunning":false,"orders":[],"reservations":[],"notes":"","mode":"single","customerCount":1},"Pc 3":{"name":"Pc 3","elapsedTime":3875,"isRunning":true,"orders":[{"name":"تايكر","price":1500.0,"quantity":1,"firstOrderTime":"2026-02-02T01:48:22.382645","lastOrderTime":"2026-02-02T01:48:22.382645","notes":null}],"reservations":[],"notes":"","mode":"single","customerCount":1},"Pc 15":{"name":"Pc 15","elapsedTime":0,"isRunning":false,"orders":[],"reservations":[],"notes":"","mode":"single","customerCount":1},"Pc 9":{"name":"Pc 9","elapsedTime":3886,"isRunning":true,"orders":[],"reservations":[],"notes":"","mode":"single","customerCount":1},"Pc 12":{"name":"Pc 12","elapsedTime":4980,"isRunning":true,"orders":[],"reservations":[],"notes":"","mode":"single","customerCount":1},"Arabia 13":{"name":"Arabia 13","elapsedTime":0,"isRunning":false,"orders":[],"reservations":[],"notes":"","mode":"single","customerCount":1},"Table 1":{"name":"Table 1","elapsedTime":0,"isRunning":false,"orders":[],"reservations":[],"notes":"","mode":"single","customerCount":1},"Pc 7":{"name":"Pc 7","elapsedTime":0,"isRunning":false,"orders":[],"reservations":[],"notes":"","mode":"single","customerCount":1},"Billiard 3":{"name":"Billiard 3","elapsedTime":0,"isRunning":false,"orders":[],"reservations":[],"notes":"","mode":"single","customerCount":1},"Arabia 7":{"name":"Arabia 7","elapsedTime":3278,"isRunning":true,"orders":[{"name":"تايكر","price":1500.0,"quantity":1,"firstOrderTime":"2026-02-02T01:36:21.722649","lastOrderTime":"2026-02-02T01:36:21.722649","notes":null}],"reservations":[],"notes":"1 * 1000\n1 * 1000","mode":"single","customerCount":1},"Arabia 6":{"name":"Arabia 6","elapsedTime":0,"isRunning":false,"orders":[],"reservations":[],"notes":"","mode":"single","customerCount":1},"Table 3":{"name":"Table 3","elapsedTime":0,"isRunning":false,"orders":[],"reservations":[],"notes":"","mode":"single","customerCount":1},"Arabia 16":{"name":"Arabia 16","elapsedTime":0,"isRunning":false,"orders":[],"reservations":[],"notes":"","mode":"single","customerCount":1},"Billiard 1":{"name":"Billiard 1","elapsedTime":0,"isRunning":false,"orders":[],"reservations":[],"notes":"","mode":"single","customerCount":1},"Arabia 5":{"name":"Arabia 5","elapsedTime":0,"isRunning":false,"orders":[],"reservations":[],"notes":"","mode":"single","customerCount":1},"Pc 8":{"name":"Pc 8","elapsedTime":0,"isRunning":false,"orders":[],"reservations":[],"notes":"","mode":"single","customerCount":1},"Pc 5":{"name":"Pc 5","elapsedTime":3869,"isRunning":true,"orders":[],"reservations":[],"notes":"","mode":"single","customerCount":1},"Arabia 3":{"name":"Arabia 3","elapsedTime":0,"isRunning":false,"orders":[],"reservations":[],"notes":"","mode":"single","customerCount":1},"Arabia 11":{"name":"Arabia 11","elapsedTime":0,"isRunning":false,"orders":[],"reservations":[],"notes":"","mode":"single","customerCount":1},"Pc 1":{"name":"Pc 1","elapsedTime":3900,"isRunning":true,"orders":[{"name":"اوجينال","price":750.0,"quantity":1,"firstOrderTime":"2026-02-02T02:13:27.655139","lastOrderTime":"2026-02-02T02:13:27.655139","notes":null}],"reservations":[],"notes":"","mode":"single","customerCount":1},"Pc 17":{"name":"Pc 17","elapsedTime":8614,"isRunning":true,"orders":[{"name":"تفاحتين","price":5000.0,"quantity":2,"firstOrderTime":"2026-02-02T00:26:41.769365","lastOrderTime":"2026-02-02T00:26:53.353894","notes":null},{"name":"عنب","price":5000.0,"quantity":1,"firstOrderTime":"2026-02-02T00:26:52.561076","lastOrderTime":"2026-02-02T00:26:52.561076","notes":null},{"name":"انكليزي","price":5000.0,"quantity":1,"firstOrderTime":"2026-02-02T00:57:49.163762","lastOrderTime":"2026-02-02T00:57:49.163762","notes":null}],"reservations":[],"notes":"1 * 3000 سوني\nامير","mode":"single","customerCount":6},"Pc 13":{"name":"Pc 13","elapsedTime":4979,"isRunning":true,"orders":[],"reservations":[],"notes":"","mode":"single","customerCount":1},"Billiard 2":{"name":"Billiard 2","elapsedTime":0,"isRunning":false,"orders":[],"reservations":[],"notes":"","mode":"single","customerCount":1},"Arabia 1":{"name":"Arabia 1","elapsedTime":0,"isRunning":false,"orders":[],"reservations":[],"notes":"","mode":"single","customerCount":1},"Table 4":{"name":"Table 4","elapsedTime":0,"isRunning":false,"orders":[],"reservations":[],"notes":"","mode":"single","customerCount":1},"Arabia 15":{"name":"Arabia 15","elapsedTime":0,"isRunning":false,"orders":[],"reservations":[],"notes":"","mode":"single","customerCount":1},"Arabia 12":{"name":"Arabia 12","elapsedTime":0,"isRunning":false,"orders":[],"reservations":[],"notes":"","mode":"single","customerCount":1},"Pc 16":{"name":"Pc 16","elapsedTime":0,"isRunning":false,"orders":[],"reservations":[],"notes":"","mode":"single","customerCount":1},"Pc 24":{"name":"Pc 24","elapsedTime":0,"isRunning":false,"orders":[],"reservations":[],"notes":"","mode":"single","customerCount":1},"Pc 25":{"name":"Pc 25","elapsedTime":3245,"isRunning":true,"orders":[{"name":"شاي","price":500.0,"quantity":1,"firstOrderTime":"2026-02-02T02:13:35.634688","lastOrderTime":"2026-02-02T02:13:35.634688","notes":null}],"reservations":[],"notes":"","mode":"single","customerCount":6},"Arabia 10":{"name":"Arabia 10","elapsedTime":12272,"isRunning":true,"orders":[{"name":"تفاحتين","price":5000.0,"quantity":1,"firstOrderTime":"2026-02-01T23:33:37.768634","lastOrderTime":"2026-02-01T23:33:37.768634","notes":null},{"name":"ماء","price":250.0,"quantity":2,"firstOrderTime":"2026-02-02T00:19:11.596948","lastOrderTime":"2026-02-02T00:19:11.739576","notes":null},{"name":"تايكر","price":1500.0,"quantity":1,"firstOrderTime":"2026-02-02T01:30:11.269136","lastOrderTime":"2026-02-02T01:30:11.269136","notes":null},{"name":"شاي","price":500.0,"quantity":1,"firstOrderTime":"2026-02-02T02:13:42.630953","lastOrderTime":"2026-02-02T02:13:42.630953","notes":null},{"name":"اندومي","price":1000.0,"quantity":1,"firstOrderTime":"2026-02-02T02:13:44.907437","lastOrderTime":"2026-02-02T02:13:44.907437","notes":null}],"reservations":[],"notes":"احمد نبيل \n","mode":"multi","customerCount":1},"Arabia 8":{"name":"Arabia 8","elapsedTime":6338,"isRunning":true,"orders":[{"name":"بيبسي","price":500.0,"quantity":1,"firstOrderTime":"2026-02-02T01:04:31.150243","lastOrderTime":"2026-02-02T01:04:31.150243","notes":null},{"name":"تفاحتين","price":5000.0,"quantity":1,"firstOrderTime":"2026-02-02T01:16:40.528674","lastOrderTime":"2026-02-02T01:16:40.528674","notes":null},{"name":"فنجان","price":4000.0,"quantity":1,"firstOrderTime":"2026-02-02T01:55:28.159453","lastOrderTime":"2026-02-02T01:55:28.159453","notes":null}],"reservations":[],"notes":"","mode":"single","customerCount":1},"Arabia 2":{"name":"Arabia 2","elapsedTime":0,"isRunning":false,"orders":[],"reservations":[],"notes":"","mode":"single","customerCount":1},"Arabia 14":{"name":"Arabia 14","elapsedTime":0,"isRunning":false,"orders":[],"reservations":[],"notes":"","mode":"single","customerCount":1},"Arabia 9":{"name":"Arabia 9","elapsedTime":0,"isRunning":false,"orders":[],"reservations":[],"notes":"","mode":"single","customerCount":1},"Pc 23":{"name":"Pc 23","elapsedTime":0,"isRunning":false,"orders":[],"reservations":[],"notes":"","mode":"single","customerCount":1}},"pcPrice":1500.0,"ps4Prices":{"Arabia 1":{"single":3000.0,"multi":4000.0},"Arabia 2":{"single":3000.0,"multi":4000.0},"Arabia 3":{"single":3000.0,"multi":4000.0},"Arabia 4":{"single":3000.0,"multi":4000.0},"Arabia 5":{"single":3000.0,"multi":4000.0},"Arabia 6":{"single":3000.0,"multi":4000.0},"Arabia 7":{"single":3000.0,"multi":4000.0},"Arabia 8":{"single":2000.0,"multi":3000.0},"Arabia 9":{"single":2000.0,"multi":3000.0},"Arabia 10":{"single":2000.0,"multi":3000.0},"Arabia 11":{"single":2000.0,"multi":3000.0},"Arabia 12":{"single":2000.0,"multi":3000.0},"Arabia 13":{"single":2000.0,"multi":3000.0},"Arabia 14":{"single":2000.0,"multi":3000.0},"Arabia 15":{"single":2000.0,"multi":3000.0},"Arabia 16":{"single":2000.0,"multi":3000.0}},"pcPrices":{"Pc 1":1500.0,"Pc 2":1500.0,"Pc 3":1500.0,"Pc 4":1500.0,"Pc 5":1500.0,"Pc 6":1500.0,"Pc 7":1500.0,"Pc 8":1500.0,"Pc 9":1500.0,"Pc 10":1500.0,"Pc 11":1500.0,"Pc 12":1500.0,"Pc 13":1500.0,"Pc 14":1500.0,"Pc 15":1500.0,"Pc 16":1500.0,"Pc 17":1500.0,"Pc 18":1500.0,"Pc 19":1500.0,"Pc 20":1500.0,"Pc 21":1500.0,"Pc 22":1500.0,"Pc 23":1500.0,"Pc 24":1500.0,"Pc 25":1500.0},"tablePrices":{"Table 1":1.0,"Table 2":1.0,"Table 3":1.0,"Table 4":1.0,"Table 5":4000.0,"Table 6":4000.0,"Table 7":4000.0},"billiardPrices":{"Billiard 1":4000.0,"Billiard 2":4000.0,"Billiard 3":4000.0},"orderPrices":{"تايكر":1500.0,"سمارت دراكون":1500.0,"سمارت علك":1500.0,"سمارت بطيخ":1500.0,"ريدبول":2000.0,"اسان":1000.0,"مكسيكي رمان":3000.0,"مكسيكي ليمون":2500.0,"اندومي":1000.0,"ورق":1000.0,"دومينو":1000.0,"طاولي":1000.0,"شطرنج":1000.0,"كريب نوتيلا":3000.0,"كريب لوتس":3000.0,"كريب بستاشو":3000.0,"كريب مكس":4000.0,"كريب سوشي":3500.0,"كريب سوشي مكس":4500.0,"موهيتو فراولة":2000.0,"موهيتو ليمون":2000.0,"موهيتو رمان":2000.0,"موهيتو برتقال":2000.0,"موهيتو بلو":2000.0,"المحيط الازرق":2000.0,"ايس كوفي":2000.0,"بان كيك":3000.0,"ببلز":3000.0,"ببلز مكس":4000.0,"فوتشيني":3000.0,"فوتشيني مكس":4000.0,"ميلك شيك نوتيلا":3000.0,"ميلك شيك اوريو":3000.0,"ميلك شيك لوتس":3000.0,"ميلك شيك علك":3000.0,"ميلك شيك بستاشو":3000.0,"تفاحتين":5000.0,"انكليزي":5000.0,"علك":5000.0,"عنب":5000.0,"برلين":5000.0,"فنجان":4000.0,"فحم":10.0,"ريزوِ كلاسك":5000.0,"ريزوِ اعشاب":5000.0,"ريزوِ مدخن":5000.0,"ريزوِ هني ماستر":5000.0,"بركر كلاسك":4000.0,"بركر جبن":4000.0,"بركر هلبينو":4000.0,"بركر باربيكيو":4000.0,"بركر فطر و كريمة":4000.0,"تويستر كلاسك":3000.0,"تويستر هني ماستر":3000.0,"زنجر":3000.0,"تندر 3 قطع":6000.0,"فنكر جبن":2000.0,"فنكر":1000.0,"برتقال طبيعي":3000.0,"ليمون طبيعي":3000.0,"رمان طبيعي":3000.0,"موز طبيعي":2000.0,"موز و حليب":2000.0,"موز و فراولة":2500.0,"كوكتيل":3000.0,"موز و نوتيلا":2500.0,"ماء":250.0,"بيبسي":500.0,"بيبسي دايت":750.0,"سبرايت":500.0,"صودة":500.0,"اوجينال":750.0,"راني":750.0,"باربيكان":1500.0,"فريش":1000.0,"قهوة باردة":1000.0,"مشن":750.0,"ثلج":500.0,"شاي":500.0,"حليب":1000.0,"قهوه":1000.0,"كوب شاي":1000.0,"كاكاو و حليب":1000.0,"كابتشينو":1000.0,"شاي و حليب":1000.0,"حليب و فانيلا":1500.0},"customCategories":{"ساخن":["شاي","حليب","قهوه","كوب شاي","كاكاو و حليب","كابتشينو","شاي و حليب","حليب و فانيلا"],"مشروبات":["ماء","بيبسي","بيبسي دايت","سبرايت","صودة","اوجينال","راني","باربيكان","فريش","قهوة باردة","مشن","ثلج"],"طاقة":["تايكر","سمارت دراكون","سمارت علك","سمارت بطيخ","ريدبول","اسان","مكسيكي رمان","مكسيكي ليمون"],"اراكيل":["تفاحتين","انكليزي","علك","عنب","برلين","فنجان","فحم"],"سناكات":["اندومي"],"العاب":["ورق","دومينو","طاولي","شطرنج"],"باريستا":["المحيط الازرق","ايس كوفي","بان كيك","ببلز","ببلز مكس","فوتشيني","فوتشيني مكس"],"كريبات":["كريب نوتيلا","كريب لوتس","كريب بستاشو","كريب مكس","كريب سوشي","كريب سوشي مكس"],"موهيتو":["موهيتو فراولة","موهيتو ليمون","موهيتو رمان","موهيتو برتقال","موهيتو بلو"],"عصائر":["برتقال طبيعي","ليمون طبيعي","رمان طبيعي","موز طبيعي","موز و حليب","موز و فراولة","كوكتيل","موز و نوتيلا"],"ميلك شيك":["ميلك شيك نوتيلا","ميلك شيك اوريو","ميلك شيك لوتس","ميلك شيك علك","ميلك شيك بستاشو"],"مطعم":["ريزوِ كلاسك","ريزوِ اعشاب","ريزوِ مدخن","ريزوِ هني ماستر","بركر كلاسك","بركر جبن","بركر هلبينو","بركر باربيكيو","بركر فطر و كريمة","تويستر كلاسك","تويستر هني ماستر","زنجر","تندر 3 قطع","فنكر جبن","فنكر"]},"defaultCategoryNames":{},"todayExpenses":[{"type":"علاء","amount":60000.0,"description":"","date":"2026-01-27T14:24:12.599119"},{"type":"الدباغ","amount":504000.0,"description":"","date":"2026-01-28T19:53:04.127778"},{"type":"علاء","amount":1800000.0,"description":"","date":"2026-01-31T11:05:55.619686"},{"type":"علاء","amount":240000.0,"description":"","date":"2026-02-01T03:05:01.341865"},{"type":"الدباغ","amount":505000.0,"description":"","date":"2026-02-01T03:05:20.536867"}],"manualRevenues":[{"amount":2325000.0,"description":"إيراد يوم السبت","date":"2026-01-25T07:37:58.011969"},{"amount":545000.0,"description":"إيراد يوم الأحد","date":"2026-01-26T06:03:26.376172"},{"amount":435000.0,"description":"إيراد يوم الاثنين","date":"2026-01-27T07:33:55.016100"},{"amount":510000.0,"description":"إيراد يوم الثلاثاء","date":"2026-01-28T04:56:18.759540"},{"amount":490000.0,"description":"إيراد يوم الأربعاء","date":"2026-01-29T03:43:19.099158"},{"amount":560000.0,"description":"إيراد يوم السبت","date":"2026-01-28T04:59:06.455358"},{"amount":1100000.0,"description":"إيراد يوم الخميس","date":"2026-01-30T07:57:39.005315"},{"amount":770000.0,"description":"إيراد يوم الجمعة","date":"2026-01-31T05:44:25.855338"}],"completedMonths":[],"debts":[{"name":"احمد شرف","amount":25000.0,"date":"2026-01-23T05:11:24.970858"},{"name":"يوسف","amount":10000.0,"date":"2026-01-23T05:11:38.357915"},{"name":"معتصم","amount":9250.0,"date":"2026-01-31T20:36:22.008485"}],"deletedDevices":["Arabia 19","Arabia 18","Arabia 17","Billiard 4","Billiard 5","Table 7","Table 6","Table 5"],"isDarkMode":true,"lastSaveTime":"2026-02-02T02:50:46.066581"}}