{"timestamp":1769465901391,"data":{"devices":{"Pc 3":{"name":"Pc 3","elapsedTime":0,"isRunning":false,"orders":[],"reservations":[],"notes":"","mode":"single","customerCount":1},"Pc 4":{"name":"Pc 4","elapsedTime":0,"isRunning":false,"orders":[],"reservations":[],"notes":"","mode":"single","customerCount":1},"Pc 5":{"name":"Pc 5","elapsedTime":0,"isRunning":false,"orders":[],"reservations":[],"notes":"","mode":"single","customerCount":1},"Pc 6":{"name":"Pc 6","elapsedTime":0,"isRunning":false,"orders":[],"reservations":[],"notes":"","mode":"single","customerCount":1},"Pc 8":{"name":"Pc 8","elapsedTime":0,"isRunning":false,"orders":[],"reservations":[],"notes":"","mode":"single","customerCount":1},"Pc 11":{"name":"Pc 11","elapsedTime":0,"isRunning":false,"orders":[],"reservations":[],"notes":"","mode":"single","customerCount":1},"Pc 12":{"name":"Pc 12","elapsedTime":0,"isRunning":false,"orders":[],"reservations":[],"notes":"","mode":"single","customerCount":1},"Pc 13":{"name":"Pc 13","elapsedTime":0,"isRunning":false,"orders":[],"reservations":[],"notes":"","mode":"single","customerCount":1},"Pc 16":{"name":"Pc 16","elapsedTime":0,"isRunning":false,"orders":[],"reservations":[],"notes":"","mode":"single","customerCount":1},"Table 1":{"name":"Table 1","elapsedTime":0,"isRunning":false,"orders":[{"name":"تويستر هني ماستر","price":3000.0,"quantity":1,"firstOrderTime":"2026-01-27T01:05:44.656934","lastOrderTime":"2026-01-27T01:05:44.656934","notes":null},{"name":"تويستر كلاسك","price":3000.0,"quantity":2,"firstOrderTime":"2026-01-27T01:05:45.158692","lastOrderTime":"2026-01-27T01:05:45.330658","notes":null}],"reservations":[],"notes":"1 * 2500 ","mode":"single","customerCount":1},"Table 2":{"name":"Table 2","elapsedTime":0,"isRunning":false,"orders":[],"reservations":[],"notes":"","mode":"single","customerCount":1},"Table 4":{"name":"Table 4","elapsedTime":0,"isRunning":false,"orders":[],"reservations":[],"notes":"","mode":"single","customerCount":1},"Pc 17":{"name":"Pc 17","elapsedTime":0,"isRunning":false,"orders":[],"reservations":[],"notes":"","mode":"single","customerCount":1},"Pc 18":{"name":"Pc 18","elapsedTime":0,"isRunning":false,"orders":[],"reservations":[],"notes":"","mode":"single","customerCount":1},"Pc 19":{"name":"Pc 19","elapsedTime":0,"isRunning":false,"orders":[],"reservations":[],"notes":"","mode":"single","customerCount":1},"Pc 20":{"name":"Pc 20","elapsedTime":0,"isRunning":false,"orders":[],"reservations":[],"notes":"","mode":"single","customerCount":1},"Pc 21":{"name":"Pc 21","elapsedTime":0,"isRunning":false,"orders":[],"reservations":[],"notes":"","mode":"single","customerCount":1},"Pc 22":{"name":"Pc 22","elapsedTime":0,"isRunning":false,"orders":[],"reservations":[],"notes":"","mode":"single","customerCount":1},"Pc 23":{"name":"Pc 23","elapsedTime":0,"isRunning":false,"orders":[],"reservations":[],"notes":"","mode":"single","customerCount":1},"Pc 25":{"name":"Pc 25","elapsedTime":0,"isRunning":false,"orders":[],"reservations":[],"notes":"","mode":"single","customerCount":1},"Arabia 16":{"name":"Arabia 16","elapsedTime":0,"isRunning":false,"orders":[],"reservations":[],"notes":"","mode":"single","customerCount":1},"Arabia 9":{"name":"Arabia 9","elapsedTime":8719,"isRunning":true,"orders":[{"name":"انكليزي","price":5000.0,"quantity":1,"firstOrderTime":"2026-01-26T22:50:00.541860","lastOrderTime":"2026-01-26T22:50:00.541860","notes":null},{"name":"صودة","price":500.0,"quantity":1,"firstOrderTime":"2026-01-26T22:50:25.301937","lastOrderTime":"2026-01-26T22:50:25.301937","notes":null},{"name":"شاي","price":500.0,"quantity":5,"firstOrderTime":"2026-01-26T23:04:48.668433","lastOrderTime":"2026-01-27T01:12:52.995587","notes":null},{"name":"بيبسي","price":500.0,"quantity":1,"firstOrderTime":"2026-01-26T23:20:58.355863","lastOrderTime":"2026-01-26T23:20:58.355863","notes":null},{"name":"تويستر كلاسك","price":3000.0,"quantity":1,"firstOrderTime":"2026-01-26T23:48:48.758290","lastOrderTime":"2026-01-26T23:48:48.758290","notes":null}],"reservations":[],"notes":"","mode":"multi","customerCount":1},"Arabia 15":{"name":"Arabia 15","elapsedTime":821,"isRunning":true,"orders":[{"name":"مكسيكي رمان","price":3000.0,"quantity":4,"firstOrderTime":"2026-01-27T01:17:40.868297","lastOrderTime":"2026-01-27T01:17:41.545472","notes":null},{"name":"اندومي","price":1000.0,"quantity":1,"firstOrderTime":"2026-01-27T01:17:46.211002","lastOrderTime":"2026-01-27T01:17:46.211002","notes":null}],"reservations":[],"notes":"","mode":"multi","customerCount":1},"Pc 10":{"name":"Pc 10","elapsedTime":13939,"isRunning":true,"orders":[{"name":"انكليزي","price":5000.0,"quantity":1,"firstOrderTime":"2026-01-26T21:38:01.989213","lastOrderTime":"2026-01-26T21:38:01.989213","notes":null},{"name":"عنب","price":5000.0,"quantity":1,"firstOrderTime":"2026-01-26T21:38:03.511436","lastOrderTime":"2026-01-26T21:38:03.511436","notes":null}],"reservations":[],"notes":"","mode":"single","customerCount":10},"Arabia 14":{"name":"Arabia 14","elapsedTime":7010,"isRunning":true,"orders":[{"name":"انكليزي","price":5000.0,"quantity":1,"firstOrderTime":"2026-01-26T23:18:24.098899","lastOrderTime":"2026-01-26T23:18:24.098899","notes":null}],"reservations":[],"notes":"","mode":"multi","customerCount":1},"Arabia 7":{"name":"Arabia 7","elapsedTime":0,"isRunning":false,"orders":[],"reservations":[],"notes":"","mode":"single","customerCount":1},"Pc 24":{"name":"Pc 24","elapsedTime":0,"isRunning":false,"orders":[],"reservations":[],"notes":"","mode":"single","customerCount":1},"Arabia 4":{"name":"Arabia 4","elapsedTime":3330,"isRunning":true,"orders":[{"name":"تفاحتين","price":5000.0,"quantity":1,"firstOrderTime":"2026-01-26T22:59:50.348703","lastOrderTime":"2026-01-26T22:59:50.348703","notes":null},{"name":"موز و فراولة","price":2000.0,"quantity":1,"firstOrderTime":"2026-01-26T22:59:59.612322","lastOrderTime":"2026-01-26T22:59:59.612322","notes":null},{"name":"اندومي","price":1000.0,"quantity":2,"firstOrderTime":"2026-01-26T23:35:30.806661","lastOrderTime":"2026-01-26T23:35:31.049389","notes":null}],"reservations":[],"notes":"1 * 4000 سوني","mode":"multi","customerCount":1},"Arabia 2":{"name":"Arabia 2","elapsedTime":2056,"isRunning":true,"orders":[],"reservations":[],"notes":"","mode":"multi","customerCount":1},"Pc 15":{"name":"Pc 15","elapsedTime":0,"isRunning":false,"orders":[],"reservations":[],"notes":"","mode":"single","customerCount":1},"Pc 2":{"name":"Pc 2","elapsedTime":6564,"isRunning":true,"orders":[{"name":"بيبسي","price":500.0,"quantity":2,"firstOrderTime":"2026-01-26T23:25:47.228167","lastOrderTime":"2026-01-26T23:25:47.361734","notes":null}],"reservations":[],"notes":"","mode":"single","customerCount":2},"Pc 7":{"name":"Pc 7","elapsedTime":0,"isRunning":false,"orders":[],"reservations":[],"notes":"","mode":"single","customerCount":1},"Billiard 2":{"name":"Billiard 2","elapsedTime":0,"isRunning":false,"orders":[],"reservations":[],"notes":"","mode":"single","customerCount":1},"Billiard 3":{"name":"Billiard 3","elapsedTime":17254,"isRunning":true,"orders":[{"name":"تويستر هني ماستر","price":3000.0,"quantity":1,"firstOrderTime":"2026-01-26T20:53:58.613508","lastOrderTime":"2026-01-26T20:53:58.613508","notes":null},{"name":"بيبسي","price":500.0,"quantity":3,"firstOrderTime":"2026-01-26T20:54:05.411643","lastOrderTime":"2026-01-26T21:20:08.242047","notes":null},{"name":"شاي","price":500.0,"quantity":2,"firstOrderTime":"2026-01-26T21:19:34.080452","lastOrderTime":"2026-01-26T21:19:34.263695","notes":null},{"name":"موز طبيعي","price":2000.0,"quantity":1,"firstOrderTime":"2026-01-26T22:36:48.936250","lastOrderTime":"2026-01-26T22:36:48.936250","notes":null},{"name":"ماء","price":250.0,"quantity":1,"firstOrderTime":"2026-01-27T01:02:16.599363","lastOrderTime":"2026-01-27T01:02:16.599363","notes":null}],"reservations":[],"notes":"1 * 1500 سوني","mode":"single","customerCount":1},"Billiard 1":{"name":"Billiard 1","elapsedTime":0,"isRunning":false,"orders":[{"name":"ريزوِ كلاسك","price":5000.0,"quantity":12,"firstOrderTime":"2026-01-27T01:16:32.517211","lastOrderTime":"2026-01-27T01:16:34.146824","notes":null},{"name":"تفاحتين","price":5000.0,"quantity":15,"firstOrderTime":"2026-01-27T01:17:00.143219","lastOrderTime":"2026-01-27T01:17:03.223260","notes":null},{"name":"انكليزي","price":5000.0,"quantity":17,"firstOrderTime":"2026-01-27T01:17:01.555872","lastOrderTime":"2026-01-27T01:17:04.923175","notes":null}],"reservations":[],"notes":"","mode":"single","customerCount":1},"البيع المباشر":{"name":"البيع المباشر","elapsedTime":0,"isRunning":false,"orders":[{"name":"ورق","price":1000.0,"quantity":1,"firstOrderTime":"2026-01-26T22:37:17.106889","lastOrderTime":"2026-01-26T22:37:17.106889","notes":null}],"reservations":[],"notes":"","mode":"single","customerCount":1},"System":{"name":"System","elapsedTime":0,"isRunning":false,"orders":[],"reservations":[{"name":"hgmnmbrf","price":0.0,"quantity":1,"reservationTime":"2026-01-25T07:18:12.979669","notes":""}],"notes":"","mode":"single","customerCount":1},"Pc 14":{"name":"Pc 14","elapsedTime":0,"isRunning":false,"orders":[],"reservations":[],"notes":"","mode":"single","customerCount":1},"Arabia 10":{"name":"Arabia 10","elapsedTime":0,"isRunning":false,"orders":[],"reservations":[],"notes":"","mode":"single","customerCount":1},"Arabia 3":{"name":"Arabia 3","elapsedTime":844,"isRunning":true,"orders":[{"name":"بركر كلاسك","price":4000.0,"quantity":1,"firstOrderTime":"2026-01-27T01:02:29.160091","lastOrderTime":"2026-01-27T01:02:29.160091","notes":null},{"name":"بيبسي","price":500.0,"quantity":1,"firstOrderTime":"2026-01-27T01:02:39.757016","lastOrderTime":"2026-01-27T01:02:39.757016","notes":null}],"reservations":[],"notes":"","mode":"single","customerCount":1},"Arabia 6":{"name":"Arabia 6","elapsedTime":0,"isRunning":false,"orders":[{"name":"انكليزي","price":5000.0,"quantity":1,"firstOrderTime":"2026-01-26T23:08:54.201630","lastOrderTime":"2026-01-26T23:08:54.201630","notes":null},{"name":"تندر 3 قطع","price":6000.0,"quantity":1,"firstOrderTime":"2026-01-26T23:22:28.854364","lastOrderTime":"2026-01-26T23:22:28.854364","notes":null},{"name":"بيبسي","price":500.0,"quantity":1,"firstOrderTime":"2026-01-26T23:22:33.532015","lastOrderTime":"2026-01-26T23:22:33.532015","notes":null},{"name":"ثلج","price":500.0,"quantity":1,"firstOrderTime":"2026-01-26T23:22:34.804099","lastOrderTime":"2026-01-26T23:22:34.804099","notes":null},{"name":"فريش","price":1000.0,"quantity":1,"firstOrderTime":"2026-01-27T00:13:11.003891","lastOrderTime":"2026-01-27T00:13:11.003891","notes":null}],"reservations":[],"notes":"","mode":"single","customerCount":1},"Pc 1":{"name":"Pc 1","elapsedTime":0,"isRunning":false,"orders":[],"reservations":[],"notes":"","mode":"single","customerCount":1},"Table 3":{"name":"Table 3","elapsedTime":0,"isRunning":false,"orders":[{"name":"ماء","price":250.0,"quantity":8,"firstOrderTime":"2026-01-26T19:09:18.241725","lastOrderTime":"2026-01-26T21:13:30.266024","notes":null},{"name":"دومينو","price":1000.0,"quantity":1,"firstOrderTime":"2026-01-26T19:09:25.257628","lastOrderTime":"2026-01-26T19:09:25.257628","notes":null},{"name":"شاي","price":500.0,"quantity":9,"firstOrderTime":"2026-01-26T19:57:53.489211","lastOrderTime":"2026-01-26T21:32:16.963616","notes":null},{"name":"بركر كلاسك","price":4000.0,"quantity":5,"firstOrderTime":"2026-01-26T20:37:28.662970","lastOrderTime":"2026-01-26T20:37:29.640950","notes":null},{"name":"فنكر","price":1000.0,"quantity":5,"firstOrderTime":"2026-01-26T20:37:34.135850","lastOrderTime":"2026-01-26T20:37:35.100840","notes":null},{"name":"ريزوِ كلاسك","price":5000.0,"quantity":4,"firstOrderTime":"2026-01-26T21:13:33.729671","lastOrderTime":"2026-01-26T21:13:34.215910","notes":null},{"name":"بيبسي","price":500.0,"quantity":4,"firstOrderTime":"2026-01-26T21:16:56.047259","lastOrderTime":"2026-01-26T21:16:56.726978","notes":null}],"reservations":[],"notes":"","mode":"single","customerCount":1},"Arabia 12":{"name":"Arabia 12","elapsedTime":2313,"isRunning":true,"orders":[{"name":"انكليزي","price":5000.0,"quantity":1,"firstOrderTime":"2026-01-27T00:36:43.710661","lastOrderTime":"2026-01-27T00:36:43.710661","notes":null}],"reservations":[],"notes":"","mode":"multi","customerCount":1},"Arabia 5":{"name":"Arabia 5","elapsedTime":0,"isRunning":false,"orders":[],"reservations":[],"notes":"","mode":"single","customerCount":1},"Arabia 13":{"name":"Arabia 13","elapsedTime":1466,"isRunning":true,"orders":[],"reservations":[],"notes":"","mode":"single","customerCount":1},"Arabia 8":{"name":"Arabia 8","elapsedTime":4540,"isRunning":true,"orders":[{"name":"تفاحتين","price":5000.0,"quantity":1,"firstOrderTime":"2026-01-26T23:59:29.622893","lastOrderTime":"2026-01-26T23:59:29.622893","notes":null}],"reservations":[],"notes":"","mode":"single","customerCount":1},"Pc 9":{"name":"Pc 9","elapsedTime":0,"isRunning":false,"orders":[],"reservations":[],"notes":"","mode":"single","customerCount":1},"Arabia 11":{"name":"Arabia 11","elapsedTime":3666,"isRunning":true,"orders":[{"name":"اندومي","price":1000.0,"quantity":1,"firstOrderTime":"2026-01-27T00:17:24.870320","lastOrderTime":"2026-01-27T00:17:24.870320","notes":null},{"name":"مشن","price":750.0,"quantity":1,"firstOrderTime":"2026-01-27T00:17:30.765167","lastOrderTime":"2026-01-27T00:17:30.765167","notes":null},{"name":"زنجر","price":2500.0,"quantity":4,"firstOrderTime":"2026-01-27T00:17:34.298066","lastOrderTime":"2026-01-27T00:25:18.157503","notes":null},{"name":"ليمون طبيعي","price":3000.0,"quantity":1,"firstOrderTime":"2026-01-27T00:17:38.846346","lastOrderTime":"2026-01-27T00:17:38.846346","notes":null},{"name":"موز و فراولة","price":2000.0,"quantity":1,"firstOrderTime":"2026-01-27T00:17:41.038347","lastOrderTime":"2026-01-27T00:17:41.038347","notes":null},{"name":"بيبسي","price":500.0,"quantity":3,"firstOrderTime":"2026-01-27T00:32:54.970632","lastOrderTime":"2026-01-27T00:32:55.854905","notes":null}],"reservations":[],"notes":"1 * 2000","mode":"multi","customerCount":1},"Arabia 1":{"name":"Arabia 1","elapsedTime":0,"isRunning":false,"orders":[],"reservations":[],"notes":"","mode":"single","customerCount":1}},"pcPrice":1500.0,"ps4Prices":{"Arabia 1":{"single":3000.0,"multi":4000.0},"Arabia 2":{"single":3000.0,"multi":4000.0},"Arabia 3":{"single":3000.0,"multi":4000.0},"Arabia 4":{"single":3000.0,"multi":4000.0},"Arabia 5":{"single":3000.0,"multi":4000.0},"Arabia 6":{"single":3000.0,"multi":4000.0},"Arabia 7":{"single":3000.0,"multi":4000.0},"Arabia 8":{"single":2000.0,"multi":3000.0},"Arabia 9":{"single":2000.0,"multi":3000.0},"Arabia 10":{"single":2000.0,"multi":3000.0},"Arabia 11":{"single":2000.0,"multi":3000.0},"Arabia 12":{"single":2000.0,"multi":3000.0},"Arabia 13":{"single":2000.0,"multi":3000.0},"Arabia 14":{"single":2000.0,"multi":3000.0},"Arabia 15":{"single":2000.0,"multi":3000.0},"Arabia 16":{"single":2000.0,"multi":3000.0}},"pcPrices":{"Pc 1":1500.0,"Pc 2":1500.0,"Pc 3":1500.0,"Pc 4":1500.0,"Pc 5":1500.0,"Pc 6":1500.0,"Pc 7":1500.0,"Pc 8":1500.0,"Pc 9":1500.0,"Pc 10":1500.0,"Pc 11":1500.0,"Pc 12":1500.0,"Pc 13":1500.0,"Pc 14":1500.0,"Pc 15":1500.0,"Pc 16":1500.0,"Pc 17":1500.0,"Pc 18":1500.0,"Pc 19":1500.0,"Pc 20":1500.0,"Pc 21":1500.0,"Pc 22":1500.0,"Pc 23":1500.0,"Pc 24":1500.0,"Pc 25":1500.0},"tablePrices":{"Table 1":1.0,"Table 2":1.0,"Table 3":1.0,"Table 4":1.0,"Table 5":4000.0,"Table 6":4000.0,"Table 7":4000.0},"billiardPrices":{"Billiard 1":4000.0,"Billiard 2":4000.0,"Billiard 3":4000.0},"orderPrices":{"تايكر":1500.0,"سمارت دراكون":1500.0,"سمارت علك":1500.0,"سمارت بطيخ":1500.0,"ريدبول":2000.0,"اسان":1000.0,"مكسيكي رمان":3000.0,"مكسيكي ليمون":2500.0,"برتقال طبيعي":3000.0,"ليمون طبيعي":3000.0,"رمان طبيعي":3000.0,"موز طبيعي":2000.0,"موز و حليب":2000.0,"موز و فراولة":2000.0,"اندومي":1000.0,"شاي":500.0,"حليب":1000.0,"قهوه":1000.0,"كوب شاي":1000.0,"كاكاو و حليب":1000.0,"كابتشينو":1000.0,"شاي و حليب":1000.0,"ماء":250.0,"بيبسي":500.0,"بيبسي دايت":750.0,"سبرايت":1000.0,"صودة":500.0,"اوجينال":750.0,"راني":750.0,"باربيكان":1500.0,"فريش":1000.0,"قهوة":1000.0,"مشن":750.0,"ثلج":500.0,"ورق":1000.0,"دومينو":1000.0,"طاولي":1000.0,"شطرنج":1000.0,"كريب نوتيلا":3000.0,"كريب لوتس":3000.0,"كريب بستاشو":3000.0,"كريب مكس":4000.0,"كريب سوشي":3500.0,"كريب سوشي مكس":4500.0,"موهيتو فراولة":2000.0,"موهيتو ليمون":2000.0,"موهيتو رمان":2000.0,"موهيتو برتقال":2000.0,"موهيتو بلو":2000.0,"المحيط الازرق":2000.0,"ايس كوفي":2000.0,"بان كيك":3000.0,"ببلز":3000.0,"ببلز مكس":4000.0,"فوتشيني":3000.0,"فوتشيني مكس":4000.0,"ميلك شيك نوتيلا":3000.0,"ميلك شيك اوريو":3000.0,"ميلك شيك لوتس":3000.0,"ميلك شيك علك":3000.0,"ميلك شيك بستاشو":3000.0,"تفاحتين":5000.0,"انكليزي":5000.0,"علك":5000.0,"عنب":5000.0,"برلين":5000.0,"فنجان":4000.0,"فحم":10.0,"ريزوِ كلاسك":5000.0,"ريزوِ اعشاب":5000.0,"ريزوِ مدخن":5000.0,"ريزوِ هني ماستر":5000.0,"بركر كلاسك":4000.0,"بركر جبن":4000.0,"بركر هلبينو":4000.0,"بركر باربيكيو":4000.0,"بركر فطر و كريمة":4000.0,"تويستر كلاسك":3000.0,"تويستر هني ماستر":3000.0,"زنجر":2500.0,"تندر 3 قطع":6000.0,"فنكر جبن":2000.0,"فنكر":1000.0},"customCategories":{"ساخن":["شاي","حليب","قهوه","كوب شاي","كاكاو و حليب","كابتشينو","شاي و حليب"],"مشروبات":["ماء","بيبسي","بيبسي دايت","سبرايت","صودة","اوجينال","راني","باربيكان","فريش","قهوة","مشن","ثلج"],"طاقة":["تايكر","سمارت دراكون","سمارت علك","سمارت بطيخ","ريدبول","اسان","مكسيكي رمان","مكسيكي ليمون"],"اراكيل":["تفاحتين","انكليزي","علك","عنب","برلين","فنجان","فحم"],"سناكات":["اندومي"],"العاب":["ورق","دومينو","طاولي","شطرنج"],"باريستا":["المحيط الازرق","ايس كوفي","بان كيك","ببلز","ببلز مكس","فوتشيني","فوتشيني مكس"],"كريبات":["كريب نوتيلا","كريب لوتس","كريب بستاشو","كريب مكس","كريب سوشي","كريب سوشي مكس"],"موهيتو":["موهيتو فراولة","موهيتو ليمون","موهيتو رمان","موهيتو برتقال","موهيتو بلو"],"عصائر":["برتقال طبيعي","ليمون طبيعي","رمان طبيعي","موز طبيعي","موز و حليب","موز و فراولة"],"ميلك شيك":["ميلك شيك نوتيلا","ميلك شيك اوريو","ميلك شيك لوتس","ميلك شيك علك","ميلك شيك بستاشو"],"مطعم":["ريزوِ كلاسك","ريزوِ اعشاب","ريزوِ مدخن","ريزوِ هني ماستر","بركر كلاسك","بركر جبن","بركر هلبينو","بركر باربيكيو","بركر فطر و كريمة","تويستر كلاسك","تويستر هني ماستر","زنجر","تندر 3 قطع","فنكر جبن","فنكر"]},"defaultCategoryNames":{},"todayExpenses":[],"manualRevenues":[{"amount":2325000.0,"description":"إيراد يوم السبت","date":"2026-01-25T07:37:58.011969"},{"amount":545000.0,"description":"إيراد يوم الأحد","date":"2026-01-26T06:03:26.376172"}],"completedMonths":[],"debts":[{"name":"احمد شرف","amount":25000.0,"date":"2026-01-23T05:11:24.970858"},{"name":"يوسف","amount":10000.0,"date":"2026-01-23T05:11:38.357915"},{"name":"بدر","amount":13000.0,"date":"2026-01-23T06:05:42.068455"}],"deletedDevices":["Arabia 19","Arabia 18","Arabia 17","Billiard 4","Billiard 5","Table 7","Table 6","Table 5"],"isDarkMode":true,"lastSaveTime":"2026-01-27T01:18:21.391163"}}