{"timestamp":1769451513621,"data":{"devices":{"Pc 1":{"name":"Pc 1","elapsedTime":0,"isRunning":false,"orders":[],"reservations":[],"notes":"","mode":"single","customerCount":1},"Pc 2":{"name":"Pc 2","elapsedTime":0,"isRunning":false,"orders":[],"reservations":[],"notes":"","mode":"single","customerCount":1},"Pc 3":{"name":"Pc 3","elapsedTime":0,"isRunning":false,"orders":[],"reservations":[],"notes":"","mode":"single","customerCount":1},"Pc 4":{"name":"Pc 4","elapsedTime":0,"isRunning":false,"orders":[],"reservations":[],"notes":"","mode":"single","customerCount":1},"Pc 5":{"name":"Pc 5","elapsedTime":0,"isRunning":false,"orders":[],"reservations":[],"notes":"","mode":"single","customerCount":1},"Pc 6":{"name":"Pc 6","elapsedTime":0,"isRunning":false,"orders":[],"reservations":[],"notes":"","mode":"single","customerCount":1},"Pc 7":{"name":"Pc 7","elapsedTime":0,"isRunning":false,"orders":[],"reservations":[],"notes":"","mode":"single","customerCount":1},"Pc 8":{"name":"Pc 8","elapsedTime":0,"isRunning":false,"orders":[],"reservations":[],"notes":"","mode":"single","customerCount":1},"Pc 9":{"name":"Pc 9","elapsedTime":0,"isRunning":false,"orders":[],"reservations":[],"notes":"","mode":"single","customerCount":1},"Pc 10":{"name":"Pc 10","elapsedTime":0,"isRunning":false,"orders":[],"reservations":[],"notes":"","mode":"single","customerCount":1},"Pc 11":{"name":"Pc 11","elapsedTime":0,"isRunning":false,"orders":[],"reservations":[],"notes":"","mode":"single","customerCount":1},"Pc 12":{"name":"Pc 12","elapsedTime":0,"isRunning":false,"orders":[],"reservations":[],"notes":"","mode":"single","customerCount":1},"Pc 13":{"name":"Pc 13","elapsedTime":0,"isRunning":false,"orders":[],"reservations":[],"notes":"","mode":"single","customerCount":1},"Pc 14":{"name":"Pc 14","elapsedTime":0,"isRunning":false,"orders":[],"reservations":[],"notes":"","mode":"single","customerCount":1},"Pc 15":{"name":"Pc 15","elapsedTime":0,"isRunning":false,"orders":[],"reservations":[],"notes":"","mode":"single","customerCount":1},"Pc 16":{"name":"Pc 16","elapsedTime":0,"isRunning":false,"orders":[],"reservations":[],"notes":"","mode":"single","customerCount":1},"Arabia 1":{"name":"Arabia 1","elapsedTime":0,"isRunning":false,"orders":[],"reservations":[],"notes":"","mode":"single","customerCount":1},"Arabia 2":{"name":"Arabia 2","elapsedTime":0,"isRunning":false,"orders":[],"reservations":[],"notes":"","mode":"single","customerCount":1},"Arabia 3":{"name":"Arabia 3","elapsedTime":0,"isRunning":false,"orders":[],"reservations":[],"notes":"","mode":"single","customerCount":1},"Arabia 4":{"name":"Arabia 4","elapsedTime":0,"isRunning":false,"orders":[],"reservations":[],"notes":"","mode":"single","customerCount":1},"Arabia 5":{"name":"Arabia 5","elapsedTime":0,"isRunning":false,"orders":[],"reservations":[],"notes":"","mode":"single","customerCount":1},"Arabia 6":{"name":"Arabia 6","elapsedTime":0,"isRunning":false,"orders":[],"reservations":[],"notes":"","mode":"single","customerCount":1},"Arabia 7":{"name":"Arabia 7","elapsedTime":0,"isRunning":false,"orders":[],"reservations":[],"notes":"","mode":"single","customerCount":1},"Arabia 8":{"name":"Arabia 8","elapsedTime":0,"isRunning":false,"orders":[],"reservations":[],"notes":"","mode":"single","customerCount":1},"Table 1":{"name":"Table 1","elapsedTime":0,"isRunning":false,"orders":[],"reservations":[],"notes":"","mode":"single","customerCount":1},"Table 2":{"name":"Table 2","elapsedTime":0,"isRunning":false,"orders":[],"reservations":[],"notes":"","mode":"single","customerCount":1},"Table 3":{"name":"Table 3","elapsedTime":0,"isRunning":false,"orders":[],"reservations":[],"notes":"","mode":"single","customerCount":1},"Table 4":{"name":"Table 4","elapsedTime":0,"isRunning":false,"orders":[],"reservations":[],"notes":"","mode":"single","customerCount":1},"Table 5":{"name":"Table 5","elapsedTime":0,"isRunning":false,"orders":[],"reservations":[],"notes":"","mode":"single","customerCount":1},"Table 6":{"name":"Table 6","elapsedTime":0,"isRunning":false,"orders":[],"reservations":[],"notes":"","mode":"single","customerCount":1}},"pcPrice":1500.0,"ps4Prices":{"Arabia 1":{"single":2000.0,"multi":3000.0},"Arabia 2":{"single":2000.0,"multi":3000.0},"Arabia 3":{"single":3000.0,"multi":4000.0},"Arabia 4":{"single":3000.0,"multi":4000.0},"Arabia 5":{"single":3000.0,"multi":4000.0},"Arabia 6":{"single":2000.0,"multi":3000.0},"Arabia 7":{"single":2000.0,"multi":3000.0},"Arabia 8":{"single":2000.0,"multi":3000.0}},"pcPrices":{},"tablePrices":{},"billiardPrices":{},"orderPrices":{},"customCategories":{},"defaultCategoryNames":{},"todayExpenses":[],"manualRevenues":[],"completedMonths":[],"debts":[],"deletedDevices":[],"isDarkMode":true,"lastSaveTime":"2026-01-26T21:18:33.620763"}}